period,accuracy,roc_auc
All (stratified CV),0.8329605263157894,0.8664767184035476
2022-2024 holdout (future),0.8192090395480226,0.8592783505154639
