validation_scheme,accuracy,roc_auc
Stratified KFold (standard),0.8329605263157894,0.8664767184035476
GroupKFold (by district),0.807828947368421,0.8387608271318877
